,GEO_ID,BoroCT,S1903_C03_001E
0,1400000US36005000100,2000100,-
1,1400000US36005000200,2000200,51100
2,1400000US36005000400,2000400,78409
3,1400000US36005001600,2001600,34093
4,1400000US36005001900,2001900,45156
5,1400000US36005002000,2002000,20592
6,1400000US36005002300,2002300,18688
7,1400000US36005002400,2002400,-
8,1400000US36005002500,2002500,23115
9,1400000US36005002701,2002701,18832
10,1400000US36005002702,2002702,13097
11,1400000US36005002800,2002800,51138
12,1400000US36005003100,2003100,43255
13,1400000US36005003300,2003300,22127
14,1400000US36005003500,2003500,31310
15,1400000US36005003700,2003700,-
16,1400000US36005003800,2003800,33681
17,1400000US36005003900,2003900,25772
18,1400000US36005004001,2004001,54868
19,1400000US36005004100,2004100,19643
20,1400000US36005004200,2004200,43293
21,1400000US36005004300,2004300,21689
22,1400000US36005004400,2004400,17297
23,1400000US36005004600,2004600,21360
24,1400000US36005004800,2004800,33403
25,1400000US36005005001,2005001,27009
26,1400000US36005005002,2005002,31795
27,1400000US36005005100,2005100,19115
28,1400000US36005005200,2005200,21140
29,1400000US36005005300,2005300,16583
30,1400000US36005005400,2005400,35189
31,1400000US36005005600,2005600,27153
32,1400000US36005005902,2005902,30844
33,1400000US36005006000,2006000,34898
34,1400000US36005006100,2006100,45361
35,1400000US36005006200,2006200,25206
36,1400000US36005006300,2006300,37306
37,1400000US36005006400,2006400,38415
38,1400000US36005006500,2006500,25467
39,1400000US36005006700,2006700,19813
40,1400000US36005006800,2006800,54395
41,1400000US36005006900,2006900,37590
42,1400000US36005007000,2007000,50500
43,1400000US36005007100,2007100,42292
44,1400000US36005007200,2007200,43197
45,1400000US36005007300,2007300,22344
46,1400000US36005007400,2007400,39537
47,1400000US36005007500,2007500,30706
48,1400000US36005007600,2007600,46176
49,1400000US36005007700,2007700,38417
50,1400000US36005007800,2007800,52360
51,1400000US36005007900,2007900,26307
52,1400000US36005008300,2008300,32167
53,1400000US36005008400,2008400,85750
54,1400000US36005008500,2008500,31370
55,1400000US36005008600,2008600,21848
56,1400000US36005008700,2008700,23967
57,1400000US36005008900,2008900,28642
58,1400000US36005009000,2009000,24487
59,1400000US36005009200,2009200,50176
60,1400000US36005009300,2009300,32852
61,1400000US36005009600,2009600,50809
62,1400000US36005009800,2009800,68487
63,1400000US36005011000,2011000,-
64,1400000US36005011502,2011502,17656
65,1400000US36005011700,2011700,21595
66,1400000US36005011800,2011800,86250
67,1400000US36005011900,2011900,28988
68,1400000US36005012101,2012101,39514
69,1400000US36005012102,2012102,23244
70,1400000US36005012300,2012300,31519
71,1400000US36005012500,2012500,34903
72,1400000US36005012701,2012701,31212
73,1400000US36005012901,2012901,25633
74,1400000US36005013000,2013000,106346
75,1400000US36005013100,2013100,26750
76,1400000US36005013200,2013200,118211
77,1400000US36005013300,2013300,23484
78,1400000US36005013500,2013500,24392
79,1400000US36005013800,2013800,67705
80,1400000US36005014100,2014100,31205
81,1400000US36005014300,2014300,17204
82,1400000US36005014400,2014400,22095
83,1400000US36005014500,2014500,30676
84,1400000US36005014701,2014701,17013
85,1400000US36005014702,2014702,22237
86,1400000US36005014900,2014900,29079
87,1400000US36005015100,2015100,29276
88,1400000US36005015200,2015200,73929
89,1400000US36005015300,2015300,24438
90,1400000US36005015500,2015500,22067
91,1400000US36005015700,2015700,33468
92,1400000US36005015800,2015800,55700
93,1400000US36005015900,2015900,16400
94,1400000US36005016000,2016000,79756
95,1400000US36005016100,2016100,17960
96,1400000US36005016200,2016200,81210
97,1400000US36005016300,2016300,-
98,1400000US36005016400,2016400,80000
99,1400000US36005016500,2016500,26739
100,1400000US36005016600,2016600,78333
101,1400000US36005016700,2016700,31600
102,1400000US36005016900,2016900,30221
103,1400000US36005017100,2017100,-
104,1400000US36005017300,2017300,20662
105,1400000US36005017500,2017500,26630
106,1400000US36005017701,2017701,28750
107,1400000US36005017702,2017702,34567
108,1400000US36005017901,2017901,39036
109,1400000US36005017902,2017902,37250
110,1400000US36005018101,2018101,-
111,1400000US36005018102,2018102,31602
112,1400000US36005018301,2018301,37105
113,1400000US36005018302,2018302,41894
114,1400000US36005018400,2018400,79191
115,1400000US36005018500,2018500,25808
116,1400000US36005018900,2018900,27339
117,1400000US36005019300,2019300,23927
118,1400000US36005019400,2019400,54167
119,1400000US36005019500,2019500,27227
120,1400000US36005019700,2019700,35100
121,1400000US36005019900,2019900,42569
122,1400000US36005020000,2020000,40184
123,1400000US36005020100,2020100,34038
124,1400000US36005020200,2020200,39306
125,1400000US36005020400,2020400,51199
126,1400000US36005020501,2020501,17601
127,1400000US36005020502,2020502,18919
128,1400000US36005020601,2020601,48367
129,1400000US36005020900,2020900,31190
130,1400000US36005021001,2021001,54076
131,1400000US36005021002,2021002,55961
132,1400000US36005021100,2021100,30092
133,1400000US36005021200,2021200,57500
134,1400000US36005021301,2021301,25509
135,1400000US36005021302,2021302,25512
136,1400000US36005021501,2021501,33750
137,1400000US36005021502,2021502,25238
138,1400000US36005021601,2021601,34510
139,1400000US36005021602,2021602,55354
140,1400000US36005021700,2021700,36420
141,1400000US36005021800,2021800,47581
142,1400000US36005021900,2021900,26316
143,1400000US36005022000,2022000,35781
144,1400000US36005022101,2022101,32600
145,1400000US36005022102,2022102,32792
146,1400000US36005022200,2022200,51064
147,1400000US36005022300,2022300,26761
148,1400000US36005022401,2022401,55909
149,1400000US36005022403,2022403,51767
150,1400000US36005022404,2022404,53346
151,1400000US36005022500,2022500,38489
152,1400000US36005022701,2022701,34159
153,1400000US36005022702,2022702,26554
154,1400000US36005022703,2022703,60938
155,1400000US36005022800,2022800,58431
156,1400000US36005022901,2022901,35461
157,1400000US36005022902,2022902,34167
158,1400000US36005023000,2023000,38958
159,1400000US36005023100,2023100,29263
160,1400000US36005023200,2023200,56528
161,1400000US36005023301,2023301,30861
162,1400000US36005023302,2023302,42500
163,1400000US36005023501,2023501,34591
164,1400000US36005023502,2023502,29342
165,1400000US36005023600,2023600,38021
166,1400000US36005023702,2023702,37734
167,1400000US36005023703,2023703,30109
168,1400000US36005023704,2023704,20679
169,1400000US36005023800,2023800,52599
170,1400000US36005023900,2023900,27615
171,1400000US36005024000,2024000,39688
172,1400000US36005024100,2024100,41322
173,1400000US36005024300,2024300,25088
174,1400000US36005024400,2024400,60709
175,1400000US36005024501,2024501,24146
176,1400000US36005024502,2024502,29835
177,1400000US36005024600,2024600,65473
178,1400000US36005024700,2024700,49107
179,1400000US36005024800,2024800,69786
180,1400000US36005024900,2024900,-
181,1400000US36005025000,2025000,85868
182,1400000US36005025100,2025100,36830
183,1400000US36005025200,2025200,77500
184,1400000US36005025300,2025300,36481
185,1400000US36005025400,2025400,52853
186,1400000US36005025500,2025500,35466
187,1400000US36005025600,2025600,52700
188,1400000US36005025700,2025700,52926
189,1400000US36005026100,2026100,76272
190,1400000US36005026300,2026300,19629
191,1400000US36005026400,2026400,48832
192,1400000US36005026500,2026500,41187
193,1400000US36005026601,2026601,60357
194,1400000US36005026602,2026602,64143
195,1400000US36005026701,2026701,47656
196,1400000US36005026702,2026702,35557
197,1400000US36005026900,2026900,39167
198,1400000US36005027300,2027300,44154
199,1400000US36005027401,2027401,87500
200,1400000US36005027402,2027402,88654
201,1400000US36005027600,2027600,-
202,1400000US36005027700,2027700,29621
203,1400000US36005027900,2027900,56033
204,1400000US36005028100,2028100,67933
205,1400000US36005028300,2028300,26887
206,1400000US36005028400,2028400,-
207,1400000US36005028500,2028500,58467
208,1400000US36005028600,2028600,85625
209,1400000US36005028700,2028700,56518
210,1400000US36005028800,2028800,74459
211,1400000US36005028900,2028900,52754
212,1400000US36005029301,2029301,103125
213,1400000US36005029302,2029302,95239
214,1400000US36005029500,2029500,95833
215,1400000US36005029600,2029600,54250
216,1400000US36005029700,2029700,91210
217,1400000US36005030000,2030000,59899
218,1400000US36005030100,2030100,84375
219,1400000US36005030200,2030200,54087
220,1400000US36005030701,2030701,121389
221,1400000US36005030900,2030900,107768
222,1400000US36005031000,2031000,87336
223,1400000US36005031200,2031200,98250
224,1400000US36005031400,2031400,92396
225,1400000US36005031600,2031600,86048
226,1400000US36005031800,2031800,86429
227,1400000US36005031900,2031900,-
228,1400000US36005032300,2032300,85448
229,1400000US36005032400,2032400,19349
230,1400000US36005032600,2032600,90656
231,1400000US36005032800,2032800,29219
232,1400000US36005033000,2033000,39836
233,1400000US36005033201,2033201,47529
234,1400000US36005033202,2033202,41969
235,1400000US36005033400,2033400,-
236,1400000US36005033500,2033500,96250
237,1400000US36005033600,2033600,38387
238,1400000US36005033700,2033700,97847
239,1400000US36005033800,2033800,51204
240,1400000US36005034000,2034000,52772
241,1400000US36005034200,2034200,60893
242,1400000US36005034300,2034300,78869
243,1400000US36005034400,2034400,63017
244,1400000US36005034500,2034500,74013
245,1400000US36005034800,2034800,42813
246,1400000US36005035000,2035000,74583
247,1400000US36005035100,2035100,93750
248,1400000US36005035600,2035600,73194
249,1400000US36005035800,2035800,69766
250,1400000US36005035900,2035900,23750
251,1400000US36005036000,2036000,83043
252,1400000US36005036100,2036100,21947
253,1400000US36005036300,2036300,22226
254,1400000US36005036400,2036400,69750
255,1400000US36005036501,2036501,27304
256,1400000US36005036502,2036502,31588
257,1400000US36005036700,2036700,34500
258,1400000US36005036800,2036800,50919
259,1400000US36005036901,2036901,22273
260,1400000US36005036902,2036902,16293
261,1400000US36005037000,2037000,58636
262,1400000US36005037100,2037100,22685
263,1400000US36005037200,2037200,41346
264,1400000US36005037300,2037300,28900
265,1400000US36005037400,2037400,27695
266,1400000US36005037504,2037504,20644
267,1400000US36005037600,2037600,49237
268,1400000US36005037800,2037800,41333
269,1400000US36005037900,2037900,24183
270,1400000US36005038000,2038000,37544
271,1400000US36005038100,2038100,38905
272,1400000US36005038200,2038200,46806
273,1400000US36005038301,2038301,43155
274,1400000US36005038302,2038302,20519
275,1400000US36005038500,2038500,26509
276,1400000US36005038600,2038600,51798
277,1400000US36005038700,2038700,35970
278,1400000US36005038800,2038800,63017
279,1400000US36005038900,2038900,37028
280,1400000US36005039000,2039000,45738
281,1400000US36005039100,2039100,31985
282,1400000US36005039200,2039200,50723
283,1400000US36005039300,2039300,19808
284,1400000US36005039400,2039400,48023
285,1400000US36005039500,2039500,29000
286,1400000US36005039600,2039600,44458
287,1400000US36005039700,2039700,33854
288,1400000US36005039800,2039800,80024
289,1400000US36005039901,2039901,28049
290,1400000US36005039902,2039902,36683
291,1400000US36005040100,2040100,37012
292,1400000US36005040302,2040302,37759
293,1400000US36005040303,2040303,37043
294,1400000US36005040304,2040304,25897
295,1400000US36005040400,2040400,79442
296,1400000US36005040501,2040501,37935
297,1400000US36005040502,2040502,29670
298,1400000US36005040600,2040600,49671
299,1400000US36005040701,2040701,34695
300,1400000US36005040702,2040702,37275
301,1400000US36005040800,2040800,31110
302,1400000US36005040900,2040900,52956
303,1400000US36005041100,2041100,41587
304,1400000US36005041300,2041300,53032
305,1400000US36005041400,2041400,49545
306,1400000US36005041500,2041500,43538
307,1400000US36005041800,2041800,39712
308,1400000US36005041900,2041900,35837
309,1400000US36005042000,2042000,42689
310,1400000US36005042100,2042100,38083
311,1400000US36005042200,2042200,60500
312,1400000US36005042300,2042300,38802
313,1400000US36005042400,2042400,86422
314,1400000US36005042500,2042500,31723
315,1400000US36005042600,2042600,85023
316,1400000US36005042800,2042800,82599
317,1400000US36005042901,2042901,40024
318,1400000US36005042902,2042902,35956
319,1400000US36005043000,2043000,63324
320,1400000US36005043100,2043100,35995
321,1400000US36005043400,2043400,62000
322,1400000US36005043500,2043500,27813
323,1400000US36005043600,2043600,66250
324,1400000US36005044200,2044200,55000
325,1400000US36005044400,2044400,77740
326,1400000US36005044800,2044800,96875
327,1400000US36005044901,2044901,69200
328,1400000US36005044902,2044902,80833
329,1400000US36005045101,2045101,81094
330,1400000US36005045102,2045102,75089
331,1400000US36005045600,2045600,93472
332,1400000US36005045800,2045800,24341
333,1400000US36005046000,2046000,31932
334,1400000US36005046201,2046201,52601
335,1400000US36005046202,2046202,62532
336,1400000US36005048400,2048400,74958
337,1400000US36005050400,2050400,-
338,1400000US36005051600,2051600,96366
339,1400000US36047000100,3000100,96250
340,1400000US36047000200,3000200,56080
341,1400000US36047000301,3000301,137157
342,1400000US36047000501,3000501,133750
343,1400000US36047000502,3000502,146574
344,1400000US36047000700,3000700,160272
345,1400000US36047000900,3000900,169255
346,1400000US36047001100,3001100,142813
347,1400000US36047001300,3001300,109208
348,1400000US36047001500,3001500,87237
349,1400000US36047001800,3001800,-
350,1400000US36047002000,3002000,45511
351,1400000US36047002100,3002100,228276
352,1400000US36047002200,3002200,41811
353,1400000US36047002300,3002300,18387
354,1400000US36047002901,3002901,29651
355,1400000US36047003000,3003000,88750
356,1400000US36047003100,3003100,116250
357,1400000US36047003300,3003300,136250
358,1400000US36047003400,3003400,78833
359,1400000US36047003500,3003500,112917
360,1400000US36047003600,3003600,69632
361,1400000US36047003700,3003700,155682
362,1400000US36047003800,3003800,81576
363,1400000US36047003900,3003900,105000
364,1400000US36047004100,3004100,166339
365,1400000US36047004300,3004300,137095
366,1400000US36047004400,3004400,118594
367,1400000US36047004500,3004500,148064
368,1400000US36047004600,3004600,131806
369,1400000US36047004700,3004700,119500
370,1400000US36047004900,3004900,134706
371,1400000US36047005000,3005000,131042
372,1400000US36047005100,3005100,147188
373,1400000US36047005201,3005201,-
374,1400000US36047005202,3005202,77240
375,1400000US36047005300,3005300,104583
376,1400000US36047005400,3005400,77569
377,1400000US36047005601,3005601,85923
378,1400000US36047005602,3005602,74167
379,1400000US36047005800,3005800,64875
380,1400000US36047005900,3005900,71042
381,1400000US36047006000,3006000,100324
382,1400000US36047006200,3006200,83387
383,1400000US36047006300,3006300,124853
384,1400000US36047006400,3006400,76694
385,1400000US36047006500,3006500,165859
386,1400000US36047006600,3006600,70250
387,1400000US36047006700,3006700,171477
388,1400000US36047006800,3006800,56768
389,1400000US36047006900,3006900,154625
390,1400000US36047007000,3007000,78906
391,1400000US36047007100,3007100,40938
392,1400000US36047007200,3007200,40574
393,1400000US36047007400,3007400,33934
394,1400000US36047007500,3007500,138188
395,1400000US36047007600,3007600,42950
396,1400000US36047007700,3007700,151307
397,1400000US36047007800,3007800,43792
398,1400000US36047008000,3008000,64225
399,1400000US36047008200,3008200,41831
400,1400000US36047008400,3008400,53304
401,1400000US36047008500,3008500,15283
402,1400000US36047008600,3008600,-
403,1400000US36047008800,3008800,64091
404,1400000US36047009000,3009000,47197
405,1400000US36047009200,3009200,46622
406,1400000US36047009400,3009400,51042
407,1400000US36047009600,3009600,44671
408,1400000US36047009800,3009800,46250
409,1400000US36047010000,3010000,56512
410,1400000US36047010100,3010100,75707
411,1400000US36047010200,3010200,56082
412,1400000US36047010400,3010400,44288
413,1400000US36047010600,3010600,49702
414,1400000US36047010800,3010800,45082
415,1400000US36047011000,3011000,61042
416,1400000US36047011200,3011200,33673
417,1400000US36047011400,3011400,47306
418,1400000US36047011600,3011600,40640
419,1400000US36047011700,3011700,101628
420,1400000US36047011800,3011800,54236
421,1400000US36047011900,3011900,93854
422,1400000US36047012000,3012000,50833
423,1400000US36047012100,3012100,98906
424,1400000US36047012200,3012200,50384
425,1400000US36047012600,3012600,53621
426,1400000US36047012700,3012700,55145
427,1400000US36047012801,3012801,38580
428,1400000US36047012901,3012901,119875
429,1400000US36047012902,3012902,127159
430,1400000US36047013000,3013000,77166
431,1400000US36047013100,3013100,147969
432,1400000US36047013200,3013200,55865
433,1400000US36047013300,3013300,192813
434,1400000US36047013400,3013400,81774
435,1400000US36047013500,3013500,156027
436,1400000US36047013600,3013600,86165
437,1400000US36047013700,3013700,116438
438,1400000US36047013800,3013800,60950
439,1400000US36047013900,3013900,143169
440,1400000US36047014000,3014000,69750
441,1400000US36047014100,3014100,101250
442,1400000US36047014200,3014200,58558
443,1400000US36047014300,3014300,110329
444,1400000US36047014500,3014500,87543
445,1400000US36047014700,3014700,97589
446,1400000US36047014800,3014800,83068
447,1400000US36047014900,3014900,140481
448,1400000US36047015000,3015000,76083
449,1400000US36047015100,3015100,146458
450,1400000US36047015200,3015200,92650
451,1400000US36047015300,3015300,138594
452,1400000US36047015400,3015400,-
453,1400000US36047015500,3015500,163967
454,1400000US36047015700,3015700,123008
455,1400000US36047015900,3015900,149900
456,1400000US36047016000,3016000,82837
457,1400000US36047016100,3016100,150469
458,1400000US36047016200,3016200,80590
459,1400000US36047016300,3016300,101688
460,1400000US36047016400,3016400,106570
461,1400000US36047016500,3016500,173939
462,1400000US36047016600,3016600,113527
463,1400000US36047016700,3016700,173113
464,1400000US36047016800,3016800,88750
465,1400000US36047016900,3016900,117256
466,1400000US36047017000,3017000,76857
467,1400000US36047017100,3017100,134821
468,1400000US36047017200,3017200,82869
469,1400000US36047017400,3017400,99750
470,1400000US36047017500,3017500,-
471,1400000US36047017600,3017600,63981
472,1400000US36047017700,3017700,-
473,1400000US36047017800,3017800,70491
474,1400000US36047017900,3017900,61311
475,1400000US36047018000,3018000,68690
476,1400000US36047018100,3018100,96452
477,1400000US36047018200,3018200,53625
478,1400000US36047018300,3018300,126507
479,1400000US36047018400,3018400,63333
480,1400000US36047018501,3018501,26130
481,1400000US36047018600,3018600,55000
482,1400000US36047018700,3018700,108661
483,1400000US36047018800,3018800,76422
484,1400000US36047019000,3019000,50875
485,1400000US36047019100,3019100,89176
486,1400000US36047019200,3019200,42828
487,1400000US36047019300,3019300,55389
488,1400000US36047019400,3019400,44258
489,1400000US36047019500,3019500,99853
490,1400000US36047019600,3019600,47389
491,1400000US36047019700,3019700,118958
492,1400000US36047019800,3019800,67813
493,1400000US36047019900,3019900,108333
494,1400000US36047020000,3020000,75438
495,1400000US36047020100,3020100,118285
496,1400000US36047020200,3020200,89000
497,1400000US36047020300,3020300,123229
498,1400000US36047020400,3020400,102000
499,1400000US36047020500,3020500,123274
500,1400000US36047020600,3020600,101449
501,1400000US36047020700,3020700,119462
502,1400000US36047020800,3020800,62432
503,1400000US36047021000,3021000,56875
504,1400000US36047021100,3021100,49679
505,1400000US36047021200,3021200,44967
506,1400000US36047021300,3021300,52885
507,1400000US36047021400,3021400,57875
508,1400000US36047021500,3021500,86534
509,1400000US36047021600,3021600,48716
510,1400000US36047021700,3021700,61466
511,1400000US36047021800,3021800,31047
512,1400000US36047021900,3021900,72440
513,1400000US36047022000,3022000,32088
514,1400000US36047022100,3022100,54898
515,1400000US36047022200,3022200,33088
516,1400000US36047022400,3022400,47995
517,1400000US36047022600,3022600,46611
518,1400000US36047022700,3022700,95882
519,1400000US36047022800,3022800,35985
520,1400000US36047022900,3022900,83043
521,1400000US36047023000,3023000,43459
522,1400000US36047023100,3023100,91047
523,1400000US36047023200,3023200,38818
524,1400000US36047023300,3023300,57721
525,1400000US36047023400,3023400,32237
526,1400000US36047023500,3023500,61607
527,1400000US36047023600,3023600,26855
528,1400000US36047023800,3023800,33780
529,1400000US36047024000,3024000,39034
530,1400000US36047024100,3024100,61192
531,1400000US36047024200,3024200,63698
532,1400000US36047024300,3024300,59779
533,1400000US36047024400,3024400,68516
534,1400000US36047024500,3024500,85169
535,1400000US36047024600,3024600,51354
536,1400000US36047024700,3024700,46518
537,1400000US36047024800,3024800,49940
538,1400000US36047024900,3024900,70268
539,1400000US36047025000,3025000,53186
540,1400000US36047025100,3025100,39474
541,1400000US36047025200,3025200,60173
542,1400000US36047025300,3025300,55417
543,1400000US36047025400,3025400,44886
544,1400000US36047025500,3025500,21865
545,1400000US36047025600,3025600,51625
546,1400000US36047025700,3025700,69074
547,1400000US36047025800,3025800,50625
548,1400000US36047025901,3025901,59762
549,1400000US36047025902,3025902,18167
550,1400000US36047026000,3026000,48214
551,1400000US36047026100,3026100,51885
552,1400000US36047026200,3026200,65577
553,1400000US36047026300,3026300,41875
554,1400000US36047026400,3026400,48942
555,1400000US36047026500,3026500,70707
556,1400000US36047026600,3026600,51250
557,1400000US36047026700,3026700,64401
558,1400000US36047026800,3026800,44517
559,1400000US36047026900,3026900,66534
560,1400000US36047027000,3027000,50775
561,1400000US36047027100,3027100,56136
562,1400000US36047027200,3027200,58477
563,1400000US36047027300,3027300,56786
564,1400000US36047027400,3027400,70625
565,1400000US36047027500,3027500,82069
566,1400000US36047027600,3027600,53283
567,1400000US36047027700,3027700,50290
568,1400000US36047027800,3027800,57202
569,1400000US36047027900,3027900,64700
570,1400000US36047028000,3028000,75677
571,1400000US36047028100,3028100,31682
572,1400000US36047028200,3028200,67212
573,1400000US36047028300,3028300,29306
574,1400000US36047028400,3028400,61331
575,1400000US36047028501,3028501,87778
576,1400000US36047028502,3028502,23899
577,1400000US36047028600,3028600,40325
578,1400000US36047028700,3028700,40969
579,1400000US36047028800,3028800,55625
580,1400000US36047028900,3028900,44313
581,1400000US36047029000,3029000,44318
582,1400000US36047029100,3029100,80526
583,1400000US36047029200,3029200,49145
584,1400000US36047029300,3029300,42238
585,1400000US36047029400,3029400,57895
586,1400000US36047029500,3029500,60881
587,1400000US36047029600,3029600,56250
588,1400000US36047029700,3029700,70556
589,1400000US36047029800,3029800,55060
590,1400000US36047029900,3029900,50144
591,1400000US36047030000,3030000,52663
592,1400000US36047030100,3030100,49196
593,1400000US36047030200,3030200,65000
594,1400000US36047030300,3030300,38571
595,1400000US36047030400,3030400,41017
596,1400000US36047030500,3030500,85985
597,1400000US36047030600,3030600,50833
598,1400000US36047030700,3030700,24502
599,1400000US36047030800,3030800,47461
600,1400000US36047030900,3030900,46309
601,1400000US36047031100,3031100,37014
602,1400000US36047031300,3031300,51818
603,1400000US36047031400,3031400,80439
604,1400000US36047031500,3031500,63313
605,1400000US36047031701,3031701,78750
606,1400000US36047031702,3031702,78355
607,1400000US36047031900,3031900,55357
608,1400000US36047032100,3032100,57574
609,1400000US36047032300,3032300,77645
610,1400000US36047032500,3032500,51721
611,1400000US36047032600,3032600,23470
612,1400000US36047032700,3032700,55795
613,1400000US36047032800,3032800,41353
614,1400000US36047032900,3032900,44922
615,1400000US36047033000,3033000,22933
616,1400000US36047033100,3033100,40216
617,1400000US36047033300,3033300,49444
618,1400000US36047033500,3033500,68036
619,1400000US36047033600,3033600,82850
620,1400000US36047033700,3033700,54006
621,1400000US36047033900,3033900,40417
622,1400000US36047034000,3034000,21224
623,1400000US36047034100,3034100,51250
624,1400000US36047034200,3034200,17932
625,1400000US36047034300,3034300,33385
626,1400000US36047034500,3034500,44483
627,1400000US36047034700,3034700,43849
628,1400000US36047034800,3034800,54405
629,1400000US36047034900,3034900,41061
630,1400000US36047035000,3035000,42102
631,1400000US36047035100,3035100,44624
632,1400000US36047035200,3035200,14167
633,1400000US36047035300,3035300,47321
634,1400000US36047035400,3035400,50599
635,1400000US36047035500,3035500,51875
636,1400000US36047035601,3035601,32111
637,1400000US36047035602,3035602,45163
638,1400000US36047035700,3035700,30495
639,1400000US36047035900,3035900,32326
640,1400000US36047036001,3036001,25265
641,1400000US36047036002,3036002,16073
642,1400000US36047036100,3036100,25694
643,1400000US36047036200,3036200,42670
644,1400000US36047036300,3036300,34063
645,1400000US36047036400,3036400,59712
646,1400000US36047036501,3036501,46538
647,1400000US36047036502,3036502,38750
648,1400000US36047036600,3036600,48050
649,1400000US36047036700,3036700,54432
650,1400000US36047036900,3036900,35977
651,1400000US36047037000,3037000,57888
652,1400000US36047037100,3037100,64848
653,1400000US36047037300,3037300,45179
654,1400000US36047037401,3037401,55341
655,1400000US36047037402,3037402,31832
656,1400000US36047037500,3037500,51495
657,1400000US36047037700,3037700,52367
658,1400000US36047037900,3037900,46429
659,1400000US36047038100,3038100,45667
660,1400000US36047038200,3038200,18169
661,1400000US36047038300,3038300,73641
662,1400000US36047038500,3038500,79107
663,1400000US36047038600,3038600,83594
664,1400000US36047038700,3038700,64917
665,1400000US36047038800,3038800,64375
666,1400000US36047038900,3038900,74352
667,1400000US36047039000,3039000,70114
668,1400000US36047039100,3039100,70945
669,1400000US36047039200,3039200,64500
670,1400000US36047039300,3039300,75256
671,1400000US36047039400,3039400,46198
672,1400000US36047039500,3039500,56598
673,1400000US36047039600,3039600,64375
674,1400000US36047039700,3039700,45685
675,1400000US36047039800,3039800,71679
676,1400000US36047039900,3039900,51776
677,1400000US36047040000,3040000,52125
678,1400000US36047040100,3040100,55625
679,1400000US36047040200,3040200,57404
680,1400000US36047040300,3040300,60855
681,1400000US36047040400,3040400,61087
682,1400000US36047040500,3040500,63438
683,1400000US36047040600,3040600,52986
684,1400000US36047040700,3040700,-
685,1400000US36047040800,3040800,80169
686,1400000US36047040900,3040900,52629
687,1400000US36047041000,3041000,48400
688,1400000US36047041100,3041100,38214
689,1400000US36047041200,3041200,63641
690,1400000US36047041300,3041300,63750
691,1400000US36047041401,3041401,67972
692,1400000US36047041402,3041402,52946
693,1400000US36047041500,3041500,64844
694,1400000US36047041600,3041600,61414
695,1400000US36047041700,3041700,24433
696,1400000US36047041800,3041800,45536
697,1400000US36047041900,3041900,56550
698,1400000US36047042000,3042000,58571
699,1400000US36047042100,3042100,51341
700,1400000US36047042200,3042200,59904
701,1400000US36047042300,3042300,67056
702,1400000US36047042400,3042400,61005
703,1400000US36047042500,3042500,77477
704,1400000US36047042600,3042600,49954
705,1400000US36047042700,3042700,59965
706,1400000US36047042800,3042800,60708
707,1400000US36047042900,3042900,50170
708,1400000US36047043000,3043000,38160
709,1400000US36047043100,3043100,57111
710,1400000US36047043200,3043200,63063
711,1400000US36047043300,3043300,24766
712,1400000US36047043400,3043400,49013
713,1400000US36047043500,3043500,66923
714,1400000US36047043600,3043600,57901
715,1400000US36047043700,3043700,59474
716,1400000US36047043800,3043800,46167
717,1400000US36047043900,3043900,42148
718,1400000US36047044000,3044000,51420
719,1400000US36047044100,3044100,47754
720,1400000US36047044200,3044200,76046
721,1400000US36047044300,3044300,50263
722,1400000US36047044400,3044400,51975
723,1400000US36047044500,3044500,69414
724,1400000US36047044600,3044600,63708
725,1400000US36047044700,3044700,46738
726,1400000US36047044800,3044800,60921
727,1400000US36047044900,3044900,22102
728,1400000US36047045000,3045000,-
729,1400000US36047045200,3045200,82532
730,1400000US36047045300,3045300,51953
731,1400000US36047045400,3045400,66364
732,1400000US36047045600,3045600,41806
733,1400000US36047045800,3045800,86250
734,1400000US36047046000,3046000,61023
735,1400000US36047046201,3046201,29830
736,1400000US36047046202,3046202,61250
737,1400000US36047046400,3046400,57283
738,1400000US36047046800,3046800,72750
739,1400000US36047047000,3047000,61033
740,1400000US36047047200,3047200,60054
741,1400000US36047047400,3047400,38813
742,1400000US36047047600,3047600,35474
743,1400000US36047047700,3047700,142250
744,1400000US36047047800,3047800,48040
745,1400000US36047048000,3048000,32056
746,1400000US36047048100,3048100,91528
747,1400000US36047048200,3048200,47569
748,1400000US36047048400,3048400,50833
749,1400000US36047048500,3048500,103173
750,1400000US36047048600,3048600,50250
751,1400000US36047048800,3048800,54067
752,1400000US36047048900,3048900,24808
753,1400000US36047049000,3049000,59384
754,1400000US36047049100,3049100,48566
755,1400000US36047049200,3049200,62604
756,1400000US36047049300,3049300,28287
757,1400000US36047049400,3049400,76513
758,1400000US36047049500,3049500,92120
759,1400000US36047049600,3049600,77115
760,1400000US36047049700,3049700,91557
761,1400000US36047049800,3049800,79583
762,1400000US36047049900,3049900,76612
763,1400000US36047050000,3050000,98421
764,1400000US36047050100,3050100,112679
765,1400000US36047050202,3050202,102656
766,1400000US36047050300,3050300,96216
767,1400000US36047050400,3050400,98525
768,1400000US36047050500,3050500,41629
769,1400000US36047050600,3050600,59882
770,1400000US36047050700,3050700,35469
771,1400000US36047050801,3050801,50333
772,1400000US36047050803,3050803,55395
773,1400000US36047050804,3050804,60563
774,1400000US36047050900,3050900,37000
775,1400000US36047051001,3051001,55435
776,1400000US36047051002,3051002,50625
777,1400000US36047051100,3051100,48476
778,1400000US36047051200,3051200,61292
779,1400000US36047051300,3051300,110972
780,1400000US36047051400,3051400,64259
781,1400000US36047051500,3051500,158452
782,1400000US36047051601,3051601,59223
783,1400000US36047051602,3051602,54879
784,1400000US36047051700,3051700,126649
785,1400000US36047051800,3051800,64211
786,1400000US36047051900,3051900,143057
787,1400000US36047052000,3052000,81875
788,1400000US36047052300,3052300,69950
789,1400000US36047052500,3052500,35867
790,1400000US36047052600,3052600,68077
791,1400000US36047052700,3052700,64167
792,1400000US36047052800,3052800,87212
793,1400000US36047052900,3052900,27229
794,1400000US36047053000,3053000,53802
795,1400000US36047053100,3053100,47868
796,1400000US36047053200,3053200,65972
797,1400000US36047053300,3053300,26976
798,1400000US36047053400,3053400,39917
799,1400000US36047053500,3053500,30699
800,1400000US36047053700,3053700,40644
801,1400000US36047053800,3053800,55027
802,1400000US36047053900,3053900,20902
803,1400000US36047054200,3054200,50694
804,1400000US36047054300,3054300,116875
805,1400000US36047054400,3054400,60707
806,1400000US36047054500,3054500,23555
807,1400000US36047054600,3054600,47344
808,1400000US36047054700,3054700,50272
809,1400000US36047054800,3054800,71250
810,1400000US36047054900,3054900,111071
811,1400000US36047055000,3055000,60851
812,1400000US36047055100,3055100,89073
813,1400000US36047055200,3055200,74395
814,1400000US36047055300,3055300,120069
815,1400000US36047055400,3055400,45257
816,1400000US36047055500,3055500,143833
817,1400000US36047055600,3055600,55995
818,1400000US36047055700,3055700,92674
819,1400000US36047055800,3055800,76797
820,1400000US36047056000,3056000,50833
821,1400000US36047056100,3056100,108750
822,1400000US36047056200,3056200,88221
823,1400000US36047056300,3056300,90948
824,1400000US36047056400,3056400,82344
825,1400000US36047056500,3056500,106157
826,1400000US36047056600,3056600,83849
827,1400000US36047056800,3056800,86250
828,1400000US36047056900,3056900,128036
829,1400000US36047057000,3057000,75761
830,1400000US36047057100,3057100,85510
831,1400000US36047057200,3057200,24958
832,1400000US36047057300,3057300,102656
833,1400000US36047057400,3057400,85673
834,1400000US36047057500,3057500,87561
835,1400000US36047057600,3057600,80625
836,1400000US36047057800,3057800,47466
837,1400000US36047057900,3057900,93750
838,1400000US36047058000,3058000,61184
839,1400000US36047058200,3058200,52644
840,1400000US36047058400,3058400,68487
841,1400000US36047058600,3058600,71758
842,1400000US36047058800,3058800,68125
843,1400000US36047058900,3058900,85500
844,1400000US36047059000,3059000,69250
845,1400000US36047059100,3059100,108447
846,1400000US36047059200,3059200,53177
847,1400000US36047059300,3059300,81319
848,1400000US36047059401,3059401,61283
849,1400000US36047059402,3059402,97500
850,1400000US36047059600,3059600,47273
851,1400000US36047059800,3059800,75612
852,1400000US36047060000,3060000,72342
853,1400000US36047060600,3060600,62000
854,1400000US36047060800,3060800,54360
855,1400000US36047061002,3061002,76378
856,1400000US36047061003,3061003,50887
857,1400000US36047061004,3061004,34432
858,1400000US36047061200,3061200,92143
859,1400000US36047061600,3061600,110170
860,1400000US36047062000,3062000,123500
861,1400000US36047062200,3062200,74290
862,1400000US36047062600,3062600,58102
863,1400000US36047062800,3062800,84091
864,1400000US36047063200,3063200,68182
865,1400000US36047063600,3063600,109479
866,1400000US36047063800,3063800,103438
867,1400000US36047064000,3064000,120885
868,1400000US36047064200,3064200,73583
869,1400000US36047064400,3064400,89250
870,1400000US36047064600,3064600,95391
871,1400000US36047064800,3064800,108438
872,1400000US36047065000,3065000,81875
873,1400000US36047065200,3065200,93050
874,1400000US36047065400,3065400,97250
875,1400000US36047065600,3065600,86897
876,1400000US36047065800,3065800,97188
877,1400000US36047066000,3066000,124821
878,1400000US36047066200,3066200,88490
879,1400000US36047066600,3066600,-
880,1400000US36047067000,3067000,81250
881,1400000US36047067200,3067200,84438
882,1400000US36047067400,3067400,100139
883,1400000US36047067600,3067600,86129
884,1400000US36047067800,3067800,96275
885,1400000US36047068000,3068000,85769
886,1400000US36047068200,3068200,124306
887,1400000US36047068600,3068600,69167
888,1400000US36047068800,3068800,84276
889,1400000US36047069000,3069000,84856
890,1400000US36047069200,3069200,118065
891,1400000US36047069601,3069601,81106
892,1400000US36047069602,3069602,77682
893,1400000US36047069800,3069800,104141
894,1400000US36047070000,3070000,92778
895,1400000US36047070201,3070201,108669
896,1400000US36047070202,3070202,-
897,1400000US36047070203,3070203,-
898,1400000US36047070600,3070600,112557
899,1400000US36047072000,3072000,78214
900,1400000US36047072200,3072200,67401
901,1400000US36047072400,3072400,76618
902,1400000US36047072600,3072600,86500
903,1400000US36047072800,3072800,80082
904,1400000US36047073000,3073000,91477
905,1400000US36047073200,3073200,70000
906,1400000US36047073400,3073400,84750
907,1400000US36047073600,3073600,75153
908,1400000US36047073800,3073800,65417
909,1400000US36047074000,3074000,71250
910,1400000US36047074200,3074200,62000
911,1400000US36047074400,3074400,119375
912,1400000US36047074600,3074600,85417
913,1400000US36047074800,3074800,89917
914,1400000US36047075000,3075000,77433
915,1400000US36047075200,3075200,165263
916,1400000US36047075400,3075400,115139
917,1400000US36047075600,3075600,110250
918,1400000US36047075800,3075800,86250
919,1400000US36047076000,3076000,67875
920,1400000US36047076200,3076200,54571
921,1400000US36047076400,3076400,61250
922,1400000US36047076600,3076600,70156
923,1400000US36047076800,3076800,51146
924,1400000US36047077000,3077000,59231
925,1400000US36047077200,3077200,64205
926,1400000US36047077400,3077400,71929
927,1400000US36047077600,3077600,72568
928,1400000US36047078000,3078000,82273
929,1400000US36047078200,3078200,65294
930,1400000US36047078400,3078400,76417
931,1400000US36047078600,3078600,56781
932,1400000US36047078800,3078800,46833
933,1400000US36047079000,3079000,61201
934,1400000US36047079200,3079200,62011
935,1400000US36047079400,3079400,43250
936,1400000US36047079601,3079601,62775
937,1400000US36047079602,3079602,65714
938,1400000US36047079801,3079801,76838
939,1400000US36047079802,3079802,70769
940,1400000US36047080000,3080000,83750
941,1400000US36047080200,3080200,62050
942,1400000US36047080400,3080400,53512
943,1400000US36047080600,3080600,56339
944,1400000US36047080800,3080800,11167
945,1400000US36047081000,3081000,57500
946,1400000US36047081400,3081400,43962
947,1400000US36047081600,3081600,42938
948,1400000US36047081800,3081800,74375
949,1400000US36047082000,3082000,46992
950,1400000US36047082200,3082200,51197
951,1400000US36047082400,3082400,59470
952,1400000US36047082600,3082600,55000
953,1400000US36047082800,3082800,55850
954,1400000US36047083000,3083000,52083
955,1400000US36047083200,3083200,65406
956,1400000US36047083400,3083400,53578
957,1400000US36047083600,3083600,68603
958,1400000US36047083800,3083800,77549
959,1400000US36047084000,3084000,60625
960,1400000US36047084600,3084600,54153
961,1400000US36047084800,3084800,78125
962,1400000US36047085000,3085000,66333
963,1400000US36047085200,3085200,-
964,1400000US36047085400,3085400,59531
965,1400000US36047085600,3085600,61957
966,1400000US36047085800,3085800,61721
967,1400000US36047086000,3086000,63241
968,1400000US36047086200,3086200,46250
969,1400000US36047086400,3086400,49265
970,1400000US36047086600,3086600,53032
971,1400000US36047086800,3086800,46318
972,1400000US36047087000,3087000,43952
973,1400000US36047087200,3087200,55902
974,1400000US36047087401,3087401,44250
975,1400000US36047087600,3087600,43625
976,1400000US36047087800,3087800,43721
977,1400000US36047088000,3088000,49000
978,1400000US36047088200,3088200,44623
979,1400000US36047088400,3088400,48664
980,1400000US36047088600,3088600,35196
981,1400000US36047088800,3088800,60435
982,1400000US36047089000,3089000,37746
983,1400000US36047089200,3089200,27217
984,1400000US36047089400,3089400,43795
985,1400000US36047089600,3089600,37955
986,1400000US36047089800,3089800,52206
987,1400000US36047090000,3090000,23685
988,1400000US36047090200,3090200,36583
989,1400000US36047090600,3090600,15017
990,1400000US36047090800,3090800,9740
991,1400000US36047091000,3091000,11585
992,1400000US36047091200,3091200,15256
993,1400000US36047091600,3091600,18320
994,1400000US36047091800,3091800,19634
995,1400000US36047092000,3092000,28424
996,1400000US36047092200,3092200,42949
997,1400000US36047092400,3092400,28509
998,1400000US36047092800,3092800,58171
999,1400000US36047093000,3093000,75489
1000,1400000US36047093200,3093200,66250
1001,1400000US36047093400,3093400,72727
1002,1400000US36047093600,3093600,63929
1003,1400000US36047093800,3093800,75357
1004,1400000US36047094401,3094401,82986
1005,1400000US36047094402,3094402,23920
1006,1400000US36047094600,3094600,66750
1007,1400000US36047095000,3095000,79345
1008,1400000US36047095400,3095400,78386
1009,1400000US36047095600,3095600,67500
1010,1400000US36047095800,3095800,61128
1011,1400000US36047096000,3096000,-
1012,1400000US36047096200,3096200,67024
1013,1400000US36047096400,3096400,64833
1014,1400000US36047096600,3096600,67667
1015,1400000US36047096800,3096800,93347
1016,1400000US36047097000,3097000,85221
1017,1400000US36047097400,3097400,64099
1018,1400000US36047098200,3098200,20751
1019,1400000US36047098400,3098400,71875
1020,1400000US36047098600,3098600,73654
1021,1400000US36047098800,3098800,75339
1022,1400000US36047099000,3099000,91964
1023,1400000US36047099200,3099200,89423
1024,1400000US36047099400,3099400,80259
1025,1400000US36047099600,3099600,70093
1026,1400000US36047099800,3099800,77066
1027,1400000US36047100400,3100400,57813
1028,1400000US36047100600,3100600,77241
1029,1400000US36047100800,3100800,73889
1030,1400000US36047101000,3101000,78583
1031,1400000US36047101200,3101200,64569
1032,1400000US36047101400,3101400,85250
1033,1400000US36047101600,3101600,100391
1034,1400000US36047101800,3101800,84850
1035,1400000US36047102000,3102000,104148
1036,1400000US36047102200,3102200,87604
1037,1400000US36047102400,3102400,96875
1038,1400000US36047102600,3102600,103229
1039,1400000US36047102800,3102800,95486
1040,1400000US36047103400,3103400,25691
1041,1400000US36047105801,3105801,26112
1042,1400000US36047105804,3105804,32292
1043,1400000US36047107000,3107000,51549
1044,1400000US36047107800,3107800,63411
1045,1400000US36047109800,3109800,49440
1046,1400000US36047110400,3110400,36630
1047,1400000US36047110600,3110600,19973
1048,1400000US36047111000,3111000,21060
1049,1400000US36047111600,3111600,34413
1050,1400000US36047111800,3111800,39390
1051,1400000US36047112000,3112000,36447
1052,1400000US36047112200,3112200,41442
1053,1400000US36047112400,3112400,45213
1054,1400000US36047112600,3112600,28149
1055,1400000US36047112800,3112800,35398
1056,1400000US36047113000,3113000,44872
1057,1400000US36047113200,3113200,59000
1058,1400000US36047113400,3113400,25469
1059,1400000US36047114201,3114201,-
1060,1400000US36047114202,3114202,67500
1061,1400000US36047114400,3114400,53646
1062,1400000US36047114600,3114600,35109
1063,1400000US36047115000,3115000,45143
1064,1400000US36047115200,3115200,40884
1065,1400000US36047115600,3115600,21301
1066,1400000US36047115800,3115800,35495
1067,1400000US36047116000,3116000,37600
1068,1400000US36047116200,3116200,41618
1069,1400000US36047116400,3116400,50853
1070,1400000US36047116600,3116600,58750
1071,1400000US36047116800,3116800,62375
1072,1400000US36047117000,3117000,42411
1073,1400000US36047117201,3117201,62750
1074,1400000US36047117202,3117202,49615
1075,1400000US36047117400,3117400,64149
1076,1400000US36047117601,3117601,51583
1077,1400000US36047117602,3117602,45457
1078,1400000US36047117800,3117800,45417
1079,1400000US36047118000,3118000,-
1080,1400000US36047118201,3118201,64094
1081,1400000US36047118202,3118202,57500
1082,1400000US36047118400,3118400,58703
1083,1400000US36047118600,3118600,64132
1084,1400000US36047118800,3118800,51190
1085,1400000US36047119000,3119000,44821
1086,1400000US36047119200,3119200,48000
1087,1400000US36047119400,3119400,44444
1088,1400000US36047119600,3119600,39838
1089,1400000US36047119800,3119800,37025
1090,1400000US36047120000,3120000,47566
1091,1400000US36047120200,3120200,32321
1092,1400000US36047120800,3120800,39002
1093,1400000US36047121000,3121000,15833
1094,1400000US36047121400,3121400,18457
1095,1400000US36047122000,3122000,39674
1096,1400000US36047123700,3123700,47798
1097,1400000US36047150200,3150200,117639
1098,1400000US36047152200,3152200,135982
1099,1400000US36047990100,3990100,-
1100,1400000US36061000100,1000100,-
1101,1400000US36061000201,1000201,29500
1102,1400000US36061000202,1000202,35466
1103,1400000US36061000500,1000500,-
1104,1400000US36061000600,1000600,16600
1105,1400000US36061000700,1000700,184609
1106,1400000US36061000800,1000800,33487
1107,1400000US36061000900,1000900,206750
1108,1400000US36061001001,1001001,81250
1109,1400000US36061001002,1001002,23230
1110,1400000US36061001200,1001200,53669
1111,1400000US36061001300,1001300,171173
1112,1400000US36061001401,1001401,103750
1113,1400000US36061001402,1001402,27355
1114,1400000US36061001501,1001501,101037
1115,1400000US36061001502,1001502,162158
1116,1400000US36061001600,1001600,46729
1117,1400000US36061001800,1001800,50568
1118,1400000US36061002000,1002000,16653
1119,1400000US36061002100,1002100,"250,000+"
1120,1400000US36061002201,1002201,30703
1121,1400000US36061002202,1002202,92917
1122,1400000US36061002400,1002400,14144
1123,1400000US36061002500,1002500,20868
1124,1400000US36061002601,1002601,45410
1125,1400000US36061002602,1002602,76028
1126,1400000US36061002700,1002700,62083
1127,1400000US36061002800,1002800,44199
1128,1400000US36061002900,1002900,27908
1129,1400000US36061003001,1003001,70057
1130,1400000US36061003002,1003002,63750
1131,1400000US36061003100,1003100,166786
1132,1400000US36061003200,1003200,66648
1133,1400000US36061003300,1003300,223438
1134,1400000US36061003400,1003400,81541
1135,1400000US36061003601,1003601,46500
1136,1400000US36061003602,1003602,88594
1137,1400000US36061003700,1003700,159514
1138,1400000US36061003800,1003800,67036
1139,1400000US36061003900,1003900,207064
1140,1400000US36061004000,1004000,87574
1141,1400000US36061004100,1004100,85000
1142,1400000US36061004200,1004200,148839
1143,1400000US36061004300,1004300,74877
1144,1400000US36061004400,1004400,104520
1145,1400000US36061004500,1004500,107708
1146,1400000US36061004700,1004700,123707
1147,1400000US36061004800,1004800,147500
1148,1400000US36061004900,1004900,96287
1149,1400000US36061005000,1005000,130938
1150,1400000US36061005200,1005200,166094
1151,1400000US36061005400,1005400,173309
1152,1400000US36061005501,1005501,161004
1153,1400000US36061005502,1005502,126332
1154,1400000US36061005600,1005600,145000
1155,1400000US36061005700,1005700,183810
1156,1400000US36061005800,1005800,207708
1157,1400000US36061005900,1005900,127917
1158,1400000US36061006000,1006000,169778
1159,1400000US36061006100,1006100,210726
1160,1400000US36061006200,1006200,87500
1161,1400000US36061006300,1006300,156975
1162,1400000US36061006400,1006400,111074
1163,1400000US36061006500,1006500,106944
1164,1400000US36061006600,1006600,80797
1165,1400000US36061006700,1006700,107908
1166,1400000US36061006800,1006800,128491
1167,1400000US36061006900,1006900,"250,000+"
1168,1400000US36061007000,1007000,109470
1169,1400000US36061007100,1007100,160614
1170,1400000US36061007200,1007200,123066
1171,1400000US36061007300,1007300,119926
1172,1400000US36061007400,1007400,156964
1173,1400000US36061007500,1007500,137449
1174,1400000US36061007600,1007600,100809
1175,1400000US36061007700,1007700,139815
1176,1400000US36061007800,1007800,133778
1177,1400000US36061007900,1007900,92788
1178,1400000US36061008000,1008000,133960
1179,1400000US36061008100,1008100,137070
1180,1400000US36061008200,1008200,141141
1181,1400000US36061008300,1008300,80221
1182,1400000US36061008400,1008400,158750
1183,1400000US36061008601,1008601,158125
1184,1400000US36061008602,1008602,-
1185,1400000US36061008603,1008603,170781
1186,1400000US36061008700,1008700,177188
1187,1400000US36061008800,1008800,126788
1188,1400000US36061008900,1008900,106207
1189,1400000US36061009000,1009000,135734
1190,1400000US36061009100,1009100,150349
1191,1400000US36061009200,1009200,138971
1192,1400000US36061009300,1009300,76933
1193,1400000US36061009400,1009400,150893
1194,1400000US36061009500,1009500,153264
1195,1400000US36061009600,1009600,130500
1196,1400000US36061009700,1009700,61534
1197,1400000US36061009800,1009800,129167
1198,1400000US36061009900,1009900,141672
1199,1400000US36061010000,1010000,95879
1200,1400000US36061010100,1010100,133409
1201,1400000US36061010200,1010200,-
1202,1400000US36061010300,1010300,96071
1203,1400000US36061010400,1010400,125882
1204,1400000US36061010601,1010601,173898
1205,1400000US36061010602,1010602,166513
1206,1400000US36061010800,1010800,163854
1207,1400000US36061010900,1010900,167750
1208,1400000US36061011000,1011000,149583
1209,1400000US36061011100,1011100,112917
1210,1400000US36061011201,1011201,119750
1211,1400000US36061011202,1011202,141563
1212,1400000US36061011203,1011203,159792
1213,1400000US36061011300,1011300,95313
1214,1400000US36061011401,1011401,"250,000+"
1215,1400000US36061011402,1011402,152171
1216,1400000US36061011500,1011500,110845
1217,1400000US36061011600,1011600,92426
1218,1400000US36061011700,1011700,159671
1219,1400000US36061011800,1011800,141667
1220,1400000US36061011900,1011900,17568
1221,1400000US36061012000,1012000,199201
1222,1400000US36061012100,1012100,62209
1223,1400000US36061012200,1012200,211705
1224,1400000US36061012400,1012400,128415
1225,1400000US36061012500,1012500,120240
1226,1400000US36061012600,1012600,101494
1227,1400000US36061012700,1012700,91143
1228,1400000US36061012800,1012800,174167
1229,1400000US36061012900,1012900,99798
1230,1400000US36061013000,1013000,196964
1231,1400000US36061013100,1013100,119345
1232,1400000US36061013200,1013200,108275
1233,1400000US36061013300,1013300,81239
1234,1400000US36061013400,1013400,107295
1235,1400000US36061013500,1013500,76489
1236,1400000US36061013600,1013600,108333
1237,1400000US36061013700,1013700,180172
1238,1400000US36061013800,1013800,137196
1239,1400000US36061013900,1013900,101941
1240,1400000US36061014000,1014000,137109
1241,1400000US36061014200,1014200,191417
1242,1400000US36061014300,1014300,-
1243,1400000US36061014401,1014401,124803
1244,1400000US36061014402,1014402,131884
1245,1400000US36061014500,1014500,182083
1246,1400000US36061014601,1014601,139952
1247,1400000US36061014602,1014602,108623
1248,1400000US36061014700,1014700,207857
1249,1400000US36061014801,1014801,162857
1250,1400000US36061014802,1014802,137679
1251,1400000US36061014900,1014900,149212
1252,1400000US36061015001,1015001,161776
1253,1400000US36061015002,1015002,214831
1254,1400000US36061015100,1015100,77547
1255,1400000US36061015200,1015200,89868
1256,1400000US36061015300,1015300,156435
1257,1400000US36061015400,1015400,100152
1258,1400000US36061015500,1015500,129779
1259,1400000US36061015601,1015601,98766
1260,1400000US36061015602,1015602,72643
1261,1400000US36061015700,1015700,137703
1262,1400000US36061015801,1015801,161259
1263,1400000US36061015802,1015802,97455
1264,1400000US36061015900,1015900,127969
1265,1400000US36061016001,1016001,"250,000+"
1266,1400000US36061016002,1016002,123370
1267,1400000US36061016100,1016100,120136
1268,1400000US36061016200,1016200,32530
1269,1400000US36061016300,1016300,125388
1270,1400000US36061016400,1016400,28726
1271,1400000US36061016500,1016500,183346
1272,1400000US36061016600,1016600,40402
1273,1400000US36061016700,1016700,201250
1274,1400000US36061016800,1016800,22475
1275,1400000US36061016900,1016900,128250
1276,1400000US36061017000,1017000,36032
1277,1400000US36061017100,1017100,161979
1278,1400000US36061017200,1017200,33601
1279,1400000US36061017300,1017300,135233
1280,1400000US36061017401,1017401,22217
1281,1400000US36061017402,1017402,47411
1282,1400000US36061017500,1017500,165234
1283,1400000US36061017700,1017700,74897
1284,1400000US36061017800,1017800,50972
1285,1400000US36061017900,1017900,95921
1286,1400000US36061018000,1018000,32194
1287,1400000US36061018100,1018100,96429
1288,1400000US36061018200,1018200,28235
1289,1400000US36061018300,1018300,117679
1290,1400000US36061018400,1018400,22738
1291,1400000US36061018500,1018500,129194
1292,1400000US36061018600,1018600,34600
1293,1400000US36061018700,1018700,136146
1294,1400000US36061018800,1018800,41160
1295,1400000US36061018900,1018900,36250
1296,1400000US36061019000,1019000,58333
1297,1400000US36061019100,1019100,113125
1298,1400000US36061019200,1019200,20117
1299,1400000US36061019300,1019300,55476
1300,1400000US36061019400,1019400,20373
1301,1400000US36061019500,1019500,88785
1302,1400000US36061019600,1019600,17455
1303,1400000US36061019701,1019701,52656
1304,1400000US36061019702,1019702,60647
1305,1400000US36061019800,1019800,76912
1306,1400000US36061019900,1019900,96282
1307,1400000US36061020000,1020000,72833
1308,1400000US36061020101,1020101,138750
1309,1400000US36061020102,1020102,77750
1310,1400000US36061020300,1020300,52813
1311,1400000US36061020500,1020500,121250
1312,1400000US36061020600,1020600,31625
1313,1400000US36061020701,1020701,62802
1314,1400000US36061020800,1020800,88091
1315,1400000US36061020901,1020901,30208
1316,1400000US36061021000,1021000,32396
1317,1400000US36061021100,1021100,52716
1318,1400000US36061021200,1021200,53819
1319,1400000US36061021303,1021303,43983
1320,1400000US36061021400,1021400,60863
1321,1400000US36061021500,1021500,51719
1322,1400000US36061021600,1021600,70399
1323,1400000US36061021703,1021703,-
1324,1400000US36061021800,1021800,49482
1325,1400000US36061021900,1021900,19907
1326,1400000US36061022000,1022000,69926
1327,1400000US36061022102,1022102,96154
1328,1400000US36061022200,1022200,41250
1329,1400000US36061022301,1022301,56393
1330,1400000US36061022302,1022302,23527
1331,1400000US36061022400,1022400,34263
1332,1400000US36061022500,1022500,60585
1333,1400000US36061022600,1022600,51074
1334,1400000US36061022700,1022700,56818
1335,1400000US36061022800,1022800,70650
1336,1400000US36061022900,1022900,52907
1337,1400000US36061023000,1023000,36124
1338,1400000US36061023100,1023100,50149
1339,1400000US36061023200,1023200,36804
1340,1400000US36061023300,1023300,57389
1341,1400000US36061023400,1023400,49012
1342,1400000US36061023501,1023501,59405
1343,1400000US36061023502,1023502,39911
1344,1400000US36061023600,1023600,46761
1345,1400000US36061023700,1023700,45167
1346,1400000US36061023801,1023801,98636
1347,1400000US36061023802,1023802,108889
1348,1400000US36061023900,1023900,39095
1349,1400000US36061024000,1024000,-
1350,1400000US36061024100,1024100,55734
1351,1400000US36061024200,1024200,25773
1352,1400000US36061024301,1024301,58077
1353,1400000US36061024302,1024302,24286
1354,1400000US36061024500,1024500,49118
1355,1400000US36061024700,1024700,62031
1356,1400000US36061024900,1024900,43182
1357,1400000US36061025100,1025100,42157
1358,1400000US36061025300,1025300,55786
1359,1400000US36061025500,1025500,66466
1360,1400000US36061025700,1025700,79722
1361,1400000US36061025900,1025900,63807
1362,1400000US36061026100,1026100,46853
1363,1400000US36061026300,1026300,42045
1364,1400000US36061026500,1026500,91004
1365,1400000US36061026700,1026700,43542
1366,1400000US36061026900,1026900,42917
1367,1400000US36061027100,1027100,72596
1368,1400000US36061027300,1027300,89882
1369,1400000US36061027500,1027500,106908
1370,1400000US36061027700,1027700,28864
1371,1400000US36061027900,1027900,48245
1372,1400000US36061028100,1028100,98125
1373,1400000US36061028300,1028300,56855
1374,1400000US36061028500,1028500,48504
1375,1400000US36061028700,1028700,60128
1376,1400000US36061029100,1029100,47054
1377,1400000US36061029300,1029300,42525
1378,1400000US36061029500,1029500,73514
1379,1400000US36061029700,1029700,-
1380,1400000US36061029900,1029900,19189
1381,1400000US36061030300,1030300,70223
1382,1400000US36061030700,1030700,90714
1383,1400000US36061030900,1030900,32295
1384,1400000US36061031100,1031100,-
1385,1400000US36061031703,1031703,"250,000+"
1386,1400000US36061031704,1031704,194153
1387,1400000US36061031900,1031900,-
1388,1400000US36081000100,4000100,150421
1389,1400000US36081000200,4000200,70655
1390,1400000US36081000400,4000400,63462
1391,1400000US36081000600,4000600,83150
1392,1400000US36081000700,4000700,134519
1393,1400000US36081000800,4000800,66439
1394,1400000US36081001000,4001000,97702
1395,1400000US36081001200,4001200,68529
1396,1400000US36081001400,4001400,71620
1397,1400000US36081001600,4001600,83816
1398,1400000US36081001800,4001800,69479
1399,1400000US36081001900,4001900,141914
1400,1400000US36081002000,4002000,86938
1401,1400000US36081002200,4002200,77813
1402,1400000US36081002400,4002400,73250
1403,1400000US36081002500,4002500,19178
1404,1400000US36081002600,4002600,87019
1405,1400000US36081002800,4002800,59398
1406,1400000US36081003000,4003000,60278
1407,1400000US36081003100,4003100,81635
1408,1400000US36081003200,4003200,53600
1409,1400000US36081003300,4003300,89669
1410,1400000US36081003400,4003400,76923
1411,1400000US36081003600,4003600,80868
1412,1400000US36081003700,4003700,-
1413,1400000US36081003800,4003800,71111
1414,1400000US36081003900,4003900,48269
1415,1400000US36081004001,4004001,80192
1416,1400000US36081004002,4004002,64196
1417,1400000US36081004200,4004200,57554
1418,1400000US36081004300,4004300,22939
1419,1400000US36081004401,4004401,69583
1420,1400000US36081004500,4004500,76328
1421,1400000US36081004700,4004700,38542
1422,1400000US36081005000,4005000,-
1423,1400000US36081005100,4005100,50868
1424,1400000US36081005200,4005200,62250
1425,1400000US36081005300,4005300,86677
1426,1400000US36081005400,4005400,77854
1427,1400000US36081005500,4005500,71628
1428,1400000US36081005700,4005700,68156
1429,1400000US36081005800,4005800,90230
1430,1400000US36081005900,4005900,82208
1431,1400000US36081006100,4006100,77941
1432,1400000US36081006201,4006201,61514
1433,1400000US36081006202,4006202,53676
1434,1400000US36081006300,4006300,87719
1435,1400000US36081006501,4006501,77372
1436,1400000US36081006502,4006502,84070
1437,1400000US36081006900,4006900,79953
1438,1400000US36081007100,4007100,76420
1439,1400000US36081007300,4007300,81963
1440,1400000US36081007500,4007500,75982
1441,1400000US36081007700,4007700,92500
1442,1400000US36081007900,4007900,68463
1443,1400000US36081008100,4008100,84375
1444,1400000US36081008300,4008300,60951
1445,1400000US36081008500,4008500,48203
1446,1400000US36081008600,4008600,77545
1447,1400000US36081008700,4008700,26750
1448,1400000US36081008800,4008800,76875
1449,1400000US36081009100,4009100,71767
1450,1400000US36081009400,4009400,62308
1451,1400000US36081009500,4009500,82500
1452,1400000US36081009600,4009600,91125
1453,1400000US36081009700,4009700,91675
1454,1400000US36081009800,4009800,76917
1455,1400000US36081009900,4009900,-
1456,1400000US36081010000,4010000,109583
1457,1400000US36081010100,4010100,67273
1458,1400000US36081010200,4010200,67404
1459,1400000US36081010300,4010300,72941
1460,1400000US36081010400,4010400,67083
1461,1400000US36081010500,4010500,65551
1462,1400000US36081010600,4010600,66094
1463,1400000US36081010701,4010701,-
1464,1400000US36081010800,4010800,67617
1465,1400000US36081011000,4011000,81667
1466,1400000US36081011100,4011100,81250
1467,1400000US36081011200,4011200,63472
1468,1400000US36081011300,4011300,83146
1469,1400000US36081011400,4011400,49223
1470,1400000US36081011500,4011500,81458
1471,1400000US36081011600,4011600,80313
1472,1400000US36081011700,4011700,85833
1473,1400000US36081011800,4011800,70333
1474,1400000US36081011900,4011900,68897
1475,1400000US36081012000,4012000,62105
1476,1400000US36081012100,4012100,83056
1477,1400000US36081012200,4012200,72552
1478,1400000US36081012301,4012301,96086
1479,1400000US36081012400,4012400,76758
1480,1400000US36081012500,4012500,83984
1481,1400000US36081012601,4012601,73634
1482,1400000US36081012602,4012602,54899
1483,1400000US36081012800,4012800,66250
1484,1400000US36081013000,4013000,73147
1485,1400000US36081013200,4013200,68359
1486,1400000US36081013400,4013400,57891
1487,1400000US36081013500,4013500,78681
1488,1400000US36081013600,4013600,76538
1489,1400000US36081013700,4013700,97100
1490,1400000US36081013800,4013800,68125
1491,1400000US36081014000,4014000,71439
1492,1400000US36081014100,4014100,66923
1493,1400000US36081014201,4014201,68657
1494,1400000US36081014202,4014202,67614
1495,1400000US36081014300,4014300,70197
1496,1400000US36081014400,4014400,56875
1497,1400000US36081014500,4014500,74926
1498,1400000US36081014700,4014700,83333
1499,1400000US36081014800,4014800,64901
1500,1400000US36081014900,4014900,69659
1501,1400000US36081015000,4015000,92438
1502,1400000US36081015100,4015100,69083
1503,1400000US36081015200,4015200,64643
1504,1400000US36081015300,4015300,80161
1505,1400000US36081015400,4015400,75118
1506,1400000US36081015500,4015500,95208
1507,1400000US36081015600,4015600,69152
1508,1400000US36081015700,4015700,62500
1509,1400000US36081015801,4015801,80507
1510,1400000US36081015802,4015802,85494
1511,1400000US36081015900,4015900,63818
1512,1400000US36081016100,4016100,74453
1513,1400000US36081016300,4016300,22317
1514,1400000US36081016400,4016400,79938
1515,1400000US36081016600,4016600,68229
1516,1400000US36081016800,4016800,96607
1517,1400000US36081016900,4016900,58066
1518,1400000US36081017000,4017000,70147
1519,1400000US36081017100,4017100,-
1520,1400000US36081017200,4017200,70804
1521,1400000US36081017400,4017400,77875
1522,1400000US36081017600,4017600,68167
1523,1400000US36081017800,4017800,72708
1524,1400000US36081017900,4017900,48950
1525,1400000US36081018000,4018000,73500
1526,1400000US36081018101,4018101,63068
1527,1400000US36081018102,4018102,70135
1528,1400000US36081018200,4018200,63958
1529,1400000US36081018300,4018300,75453
1530,1400000US36081018401,4018401,66806
1531,1400000US36081018402,4018402,72137
1532,1400000US36081018501,4018501,58500
1533,1400000US36081018502,4018502,74799
1534,1400000US36081018600,4018600,65875
1535,1400000US36081018700,4018700,70326
1536,1400000US36081018800,4018800,81579
1537,1400000US36081018900,4018900,72453
1538,1400000US36081019000,4019000,88365
1539,1400000US36081019200,4019200,64627
1540,1400000US36081019400,4019400,75069
1541,1400000US36081019600,4019600,71548
1542,1400000US36081019800,4019800,67938
1543,1400000US36081019900,4019900,41250
1544,1400000US36081020200,4020200,81667
1545,1400000US36081020400,4020400,68147
1546,1400000US36081020500,4020500,56389
1547,1400000US36081020600,4020600,67298
1548,1400000US36081020800,4020800,84653
1549,1400000US36081021200,4021200,43889
1550,1400000US36081021400,4021400,56194
1551,1400000US36081021600,4021600,77579
1552,1400000US36081021900,4021900,-
1553,1400000US36081022001,4022001,76330
1554,1400000US36081022002,4022002,71643
1555,1400000US36081022900,4022900,-
1556,1400000US36081023000,4023000,94667
1557,1400000US36081023200,4023200,70268
1558,1400000US36081023500,4023500,49544
1559,1400000US36081023600,4023600,69046
1560,1400000US36081023800,4023800,51823
1561,1400000US36081024000,4024000,45400
1562,1400000US36081024300,4024300,69583
1563,1400000US36081024500,4024500,57817
1564,1400000US36081024600,4024600,-
1565,1400000US36081024700,4024700,71591
1566,1400000US36081024900,4024900,56853
1567,1400000US36081025100,4025100,64763
1568,1400000US36081025301,4025301,63864
1569,1400000US36081025302,4025302,64743
1570,1400000US36081025400,4025400,37897
1571,1400000US36081025500,4025500,78088
1572,1400000US36081025700,4025700,71875
1573,1400000US36081025800,4025800,67875
1574,1400000US36081025900,4025900,70337
1575,1400000US36081026000,4026000,62585
1576,1400000US36081026100,4026100,54200
1577,1400000US36081026200,4026200,72344
1578,1400000US36081026300,4026300,52015
1579,1400000US36081026400,4026400,55590
1580,1400000US36081026500,4026500,54091
1581,1400000US36081026600,4026600,28969
1582,1400000US36081026700,4026700,50613
1583,1400000US36081026901,4026901,57359
1584,1400000US36081026902,4026902,51406
1585,1400000US36081027000,4027000,96920
1586,1400000US36081027100,4027100,54665
1587,1400000US36081027200,4027200,63917
1588,1400000US36081027300,4027300,47943
1589,1400000US36081027400,4027400,75380
1590,1400000US36081027500,4027500,53764
1591,1400000US36081027600,4027600,57368
1592,1400000US36081027700,4027700,51901
1593,1400000US36081027800,4027800,42857
1594,1400000US36081027900,4027900,60911
1595,1400000US36081028000,4028000,64911
1596,1400000US36081028100,4028100,60720
1597,1400000US36081028200,4028200,76434
1598,1400000US36081028300,4028300,65929
1599,1400000US36081028400,4028400,90257
1600,1400000US36081028500,4028500,78508
1601,1400000US36081028700,4028700,66016
1602,1400000US36081028800,4028800,71518
1603,1400000US36081028900,4028900,68089
1604,1400000US36081029100,4029100,57989
1605,1400000US36081029300,4029300,65982
1606,1400000US36081029400,4029400,78199
1607,1400000US36081029500,4029500,69534
1608,1400000US36081029700,4029700,64135
1609,1400000US36081029900,4029900,-
1610,1400000US36081030600,4030600,76755
1611,1400000US36081030902,4030902,49451
1612,1400000US36081030903,4030903,78590
1613,1400000US36081030904,4030904,70481
1614,1400000US36081031700,4031700,62021
1615,1400000US36081032000,4032000,78355
1616,1400000US36081032700,4032700,58145
1617,1400000US36081032800,4032800,99167
1618,1400000US36081032900,4032900,55395
1619,1400000US36081033000,4033000,80833
1620,1400000US36081033100,4033100,-
1621,1400000US36081033401,4033401,81311
1622,1400000US36081033402,4033402,55594
1623,1400000US36081033700,4033700,73231
1624,1400000US36081033900,4033900,48182
1625,1400000US36081034700,4034700,55492
1626,1400000US36081035100,4035100,46920
1627,1400000US36081035200,4035200,93750
1628,1400000US36081035300,4035300,49750
1629,1400000US36081035700,4035700,64167
1630,1400000US36081035800,4035800,95000
1631,1400000US36081036100,4036100,47419
1632,1400000US36081036300,4036300,57802
1633,1400000US36081036500,4036500,51250
1634,1400000US36081036600,4036600,68264
1635,1400000US36081036700,4036700,52955
1636,1400000US36081036800,4036800,72000
1637,1400000US36081037100,4037100,67419
1638,1400000US36081037300,4037300,48913
1639,1400000US36081037500,4037500,56875
1640,1400000US36081037600,4037600,81625
1641,1400000US36081037700,4037700,71728
1642,1400000US36081037900,4037900,72799
1643,1400000US36081038100,4038100,61635
1644,1400000US36081038301,4038301,-
1645,1400000US36081038302,4038302,-
1646,1400000US36081038400,4038400,75114
1647,1400000US36081039400,4039400,79650
1648,1400000US36081039800,4039800,100063
1649,1400000US36081039900,4039900,70282
1650,1400000US36081040000,4040000,100813
1651,1400000US36081040100,4040100,59214
1652,1400000US36081040200,4040200,101538
1653,1400000US36081040300,4040300,60550
1654,1400000US36081040400,4040400,71066
1655,1400000US36081040500,4040500,60833
1656,1400000US36081040700,4040700,53211
1657,1400000US36081040900,4040900,56101
1658,1400000US36081041100,4041100,68629
1659,1400000US36081041300,4041300,55046
1660,1400000US36081041400,4041400,58885
1661,1400000US36081041500,4041500,51203
1662,1400000US36081042400,4042400,90125
1663,1400000US36081042600,4042600,-
1664,1400000US36081042700,4042700,63781
1665,1400000US36081043200,4043200,77734
1666,1400000US36081043400,4043400,104063
1667,1400000US36081043701,4043701,64946
1668,1400000US36081043702,4043702,44085
1669,1400000US36081043900,4043900,35771
1670,1400000US36081044000,4044000,68633
1671,1400000US36081044301,4044301,21699
1672,1400000US36081044302,4044302,47411
1673,1400000US36081044400,4044400,50320
1674,1400000US36081044601,4044601,38229
1675,1400000US36081044602,4044602,41415
1676,1400000US36081044800,4044800,64500
1677,1400000US36081045000,4045000,84435
1678,1400000US36081045200,4045200,70625
1679,1400000US36081045400,4045400,49968
1680,1400000US36081045500,4045500,48889
1681,1400000US36081045600,4045600,91346
1682,1400000US36081045700,4045700,59318
1683,1400000US36081045800,4045800,72772
1684,1400000US36081045900,4045900,74375
1685,1400000US36081046000,4046000,50346
1686,1400000US36081046100,4046100,65547
1687,1400000US36081046200,4046200,50670
1688,1400000US36081046300,4046300,58621
1689,1400000US36081046400,4046400,90227
1690,1400000US36081046500,4046500,59318
1691,1400000US36081046600,4046600,63284
1692,1400000US36081046700,4046700,40152
1693,1400000US36081046800,4046800,73512
1694,1400000US36081046900,4046900,44450
1695,1400000US36081047000,4047000,65000
1696,1400000US36081047100,4047100,47083
1697,1400000US36081047200,4047200,70462
1698,1400000US36081047300,4047300,56605
1699,1400000US36081047500,4047500,59076
1700,1400000US36081047600,4047600,126053
1701,1400000US36081047800,4047800,69965
1702,1400000US36081047900,4047900,58690
1703,1400000US36081048000,4048000,71481
1704,1400000US36081048100,4048100,45864
1705,1400000US36081048200,4048200,70978
1706,1400000US36081048300,4048300,63811
1707,1400000US36081048400,4048400,87014
1708,1400000US36081048500,4048500,65284
1709,1400000US36081048900,4048900,64708
1710,1400000US36081049200,4049200,74150
1711,1400000US36081049301,4049301,66071
1712,1400000US36081049302,4049302,73523
1713,1400000US36081049500,4049500,75500
1714,1400000US36081049600,4049600,93295
1715,1400000US36081049700,4049700,83355
1716,1400000US36081049900,4049900,61534
1717,1400000US36081050000,4050000,56150
1718,1400000US36081050201,4050201,71250
1719,1400000US36081050202,4050202,76313
1720,1400000US36081050400,4050400,77794
1721,1400000US36081050500,4050500,72000
1722,1400000US36081050600,4050600,85370
1723,1400000US36081050700,4050700,57153
1724,1400000US36081050800,4050800,64920
1725,1400000US36081051000,4051000,90104
1726,1400000US36081051100,4051100,95333
1727,1400000US36081051200,4051200,85000
1728,1400000US36081051300,4051300,91218
1729,1400000US36081051500,4051500,82487
1730,1400000US36081051600,4051600,87773
1731,1400000US36081051700,4051700,86513
1732,1400000US36081051800,4051800,77462
1733,1400000US36081052000,4052000,76576
1734,1400000US36081052100,4052100,93500
1735,1400000US36081052200,4052200,91313
1736,1400000US36081052400,4052400,91172
1737,1400000US36081052500,4052500,73333
1738,1400000US36081052600,4052600,76731
1739,1400000US36081052800,4052800,83250
1740,1400000US36081053000,4053000,81848
1741,1400000US36081053100,4053100,63447
1742,1400000US36081053200,4053200,84946
1743,1400000US36081053401,4053401,92961
1744,1400000US36081053500,4053500,65208
1745,1400000US36081053601,4053601,101136
1746,1400000US36081053800,4053800,101741
1747,1400000US36081053900,4053900,83566
1748,1400000US36081054000,4054000,69191
1749,1400000US36081054200,4054200,72966
1750,1400000US36081054500,4054500,59187
1751,1400000US36081054700,4054700,76493
1752,1400000US36081054800,4054800,74167
1753,1400000US36081054900,4054900,75500
1754,1400000US36081055100,4055100,75280
1755,1400000US36081055200,4055200,63261
1756,1400000US36081055300,4055300,59907
1757,1400000US36081055400,4055400,74821
1758,1400000US36081055500,4055500,64423
1759,1400000US36081055600,4055600,77829
1760,1400000US36081055700,4055700,65799
1761,1400000US36081055800,4055800,95735
1762,1400000US36081055900,4055900,70000
1763,1400000US36081056000,4056000,70313
1764,1400000US36081056100,4056100,-
1765,1400000US36081056200,4056200,99231
1766,1400000US36081056400,4056400,57132
1767,1400000US36081056500,4056500,71719
1768,1400000US36081056600,4056600,77031
1769,1400000US36081056700,4056700,96970
1770,1400000US36081056800,4056800,83295
1771,1400000US36081057700,4057700,65607
1772,1400000US36081057900,4057900,59306
1773,1400000US36081058000,4058000,87986
1774,1400000US36081058100,4058100,75665
1775,1400000US36081058200,4058200,100505
1776,1400000US36081058300,4058300,89028
1777,1400000US36081058500,4058500,79898
1778,1400000US36081058700,4058700,69358
1779,1400000US36081058900,4058900,62083
1780,1400000US36081059000,4059000,75750
1781,1400000US36081059100,4059100,70867
1782,1400000US36081059200,4059200,115625
1783,1400000US36081059300,4059300,70962
1784,1400000US36081059400,4059400,130500
1785,1400000US36081059500,4059500,72292
1786,1400000US36081059600,4059600,72578
1787,1400000US36081059800,4059800,88438
1788,1400000US36081059900,4059900,65446
1789,1400000US36081060000,4060000,96875
1790,1400000US36081060100,4060100,69052
1791,1400000US36081060300,4060300,89375
1792,1400000US36081060600,4060600,88214
1793,1400000US36081060701,4060701,-
1794,1400000US36081060800,4060800,98750
1795,1400000US36081061000,4061000,103333
1796,1400000US36081061200,4061200,121645
1797,1400000US36081061301,4061301,73860
1798,1400000US36081061302,4061302,-
1799,1400000US36081061400,4061400,125114
1800,1400000US36081061601,4061601,85987
1801,1400000US36081061602,4061602,108676
1802,1400000US36081061800,4061800,81406
1803,1400000US36081061900,4061900,91750
1804,1400000US36081062000,4062000,113125
1805,1400000US36081062100,4062100,68558
1806,1400000US36081062200,4062200,103977
1807,1400000US36081062300,4062300,87333
1808,1400000US36081062400,4062400,-
1809,1400000US36081062500,4062500,86607
1810,1400000US36081062600,4062600,83083
1811,1400000US36081062700,4062700,76859
1812,1400000US36081062900,4062900,80573
1813,1400000US36081063000,4063000,112438
1814,1400000US36081063200,4063200,112273
1815,1400000US36081063301,4063301,80156
1816,1400000US36081063302,4063302,85000
1817,1400000US36081063500,4063500,75288
1818,1400000US36081063700,4063700,97356
1819,1400000US36081063800,4063800,101957
1820,1400000US36081063900,4063900,77179
1821,1400000US36081064101,4064101,70769
1822,1400000US36081064102,4064102,-
1823,1400000US36081064500,4064500,77364
1824,1400000US36081064600,4064600,87823
1825,1400000US36081065000,4065000,93409
1826,1400000US36081065400,4065400,99792
1827,1400000US36081065501,4065501,-
1828,1400000US36081065600,4065600,80604
1829,1400000US36081065702,4065702,71382
1830,1400000US36081065703,4065703,85795
1831,1400000US36081065900,4065900,100039
1832,1400000US36081066000,4066000,68403
1833,1400000US36081066100,4066100,88636
1834,1400000US36081066300,4066300,110000
1835,1400000US36081066400,4066400,92912
1836,1400000US36081066501,4066501,102708
1837,1400000US36081066701,4066701,86563
1838,1400000US36081066900,4066900,70875
1839,1400000US36081067100,4067100,108438
1840,1400000US36081067700,4067700,101000
1841,1400000US36081067900,4067900,48640
1842,1400000US36081068000,4068000,101458
1843,1400000US36081068200,4068200,89000
1844,1400000US36081068300,4068300,51491
1845,1400000US36081068700,4068700,60855
1846,1400000US36081069000,4069000,96875
1847,1400000US36081069300,4069300,62476
1848,1400000US36081069400,4069400,82332
1849,1400000US36081069500,4069500,73984
1850,1400000US36081069701,4069701,86875
1851,1400000US36081069702,4069702,87168
1852,1400000US36081070300,4070300,68846
1853,1400000US36081070700,4070700,112738
1854,1400000US36081070900,4070900,97026
1855,1400000US36081071100,4071100,95368
1856,1400000US36081071303,4071303,95045
1857,1400000US36081071304,4071304,55363
1858,1400000US36081071305,4071305,81746
1859,1400000US36081071306,4071306,82205
1860,1400000US36081071600,4071600,-
1861,1400000US36081071701,4071701,58941
1862,1400000US36081071702,4071702,59667
1863,1400000US36081071900,4071900,45924
1864,1400000US36081072100,4072100,63561
1865,1400000US36081072300,4072300,118438
1866,1400000US36081072900,4072900,128867
1867,1400000US36081073100,4073100,95536
1868,1400000US36081073700,4073700,83634
1869,1400000US36081073900,4073900,97716
1870,1400000US36081074100,4074100,78750
1871,1400000US36081074300,4074300,69138
1872,1400000US36081074500,4074500,44006
1873,1400000US36081074700,4074700,86034
1874,1400000US36081074900,4074900,163750
1875,1400000US36081075701,4075701,96179
1876,1400000US36081075702,4075702,108990
1877,1400000US36081076901,4076901,88971
1878,1400000US36081076902,4076902,65000
1879,1400000US36081077300,4077300,73500
1880,1400000US36081077500,4077500,86319
1881,1400000US36081077902,4077902,84375
1882,1400000US36081077903,4077903,80325
1883,1400000US36081077904,4077904,78348
1884,1400000US36081077905,4077905,82355
1885,1400000US36081077906,4077906,64614
1886,1400000US36081077907,4077907,57827
1887,1400000US36081077908,4077908,51500
1888,1400000US36081078800,4078800,93807
1889,1400000US36081079000,4079000,75000
1890,1400000US36081079200,4079200,81438
1891,1400000US36081079300,4079300,-
1892,1400000US36081079701,4079701,32017
1893,1400000US36081079702,4079702,39553
1894,1400000US36081079900,4079900,46597
1895,1400000US36081080301,4080301,58298
1896,1400000US36081080302,4080302,66629
1897,1400000US36081080900,4080900,70110
1898,1400000US36081081400,4081400,91189
1899,1400000US36081081800,4081800,69262
1900,1400000US36081083700,4083700,53707
1901,1400000US36081083800,4083800,98484
1902,1400000US36081084000,4084000,72418
1903,1400000US36081084500,4084500,34043
1904,1400000US36081084601,4084601,94297
1905,1400000US36081084602,4084602,65893
1906,1400000US36081084900,4084900,33088
1907,1400000US36081085300,4085300,34525
1908,1400000US36081085500,4085500,38270
1909,1400000US36081085700,4085700,42841
1910,1400000US36081085900,4085900,58609
1911,1400000US36081086100,4086100,48990
1912,1400000US36081086300,4086300,42743
1913,1400000US36081086400,4086400,75741
1914,1400000US36081086500,4086500,30714
1915,1400000US36081086900,4086900,30000
1916,1400000US36081087100,4087100,41484
1917,1400000US36081088400,4088400,90977
1918,1400000US36081088901,4088901,48526
1919,1400000US36081089200,4089200,113269
1920,1400000US36081090700,4090700,51696
1921,1400000US36081091601,4091601,105750
1922,1400000US36081091602,4091602,-
1923,1400000US36081091800,4091800,-
1924,1400000US36081091900,4091900,49650
1925,1400000US36081092200,4092200,131146
1926,1400000US36081092500,4092500,47419
1927,1400000US36081092800,4092800,159773
1928,1400000US36081092900,4092900,60973
1929,1400000US36081093401,4093401,86942
1930,1400000US36081093402,4093402,87463
1931,1400000US36081093800,4093800,52196
1932,1400000US36081093900,4093900,81677
1933,1400000US36081094201,4094201,66435
1934,1400000US36081094202,4094202,44013
1935,1400000US36081094203,4094203,57411
1936,1400000US36081094500,4094500,75048
1937,1400000US36081094700,4094700,67625
1938,1400000US36081095400,4095400,57984
1939,1400000US36081096400,4096400,77292
1940,1400000US36081097202,4097202,31509
1941,1400000US36081097203,4097203,30536
1942,1400000US36081097204,4097204,46051
1943,1400000US36081097300,4097300,100750
1944,1400000US36081098100,4098100,89286
1945,1400000US36081098700,4098700,88077
1946,1400000US36081099100,4099100,100965
1947,1400000US36081099200,4099200,38301
1948,1400000US36081099701,4099701,99342
1949,1400000US36081099703,4099703,83669
1950,1400000US36081099704,4099704,75344
1951,1400000US36081099705,4099705,109219
1952,1400000US36081099801,4099801,75921
1953,1400000US36081099802,4099802,43961
1954,1400000US36081099900,4099900,-
1955,1400000US36081100801,4100801,92768
1956,1400000US36081100802,4100802,64267
1957,1400000US36081101001,4101001,41332
1958,1400000US36081101002,4101002,31066
1959,1400000US36081101700,4101700,86493
1960,1400000US36081102900,4102900,85141
1961,1400000US36081103201,4103201,40595
1962,1400000US36081103202,4103202,58750
1963,1400000US36081103300,4103300,87566
1964,1400000US36081103900,4103900,77993
1965,1400000US36081104700,4104700,55328
1966,1400000US36081105900,4105900,88906
1967,1400000US36081107201,4107201,86055
1968,1400000US36081107202,4107202,-
1969,1400000US36081108500,4108500,77500
1970,1400000US36081109300,4109300,89241
1971,1400000US36081109700,4109700,95701
1972,1400000US36081109900,4109900,67031
1973,1400000US36081111300,4111300,102222
1974,1400000US36081112300,4112300,95250
1975,1400000US36081112900,4112900,82173
1976,1400000US36081113300,4113300,103056
1977,1400000US36081113900,4113900,65698
1978,1400000US36081114100,4114100,99583
1979,1400000US36081114700,4114700,89423
1980,1400000US36081115100,4115100,76167
1981,1400000US36081115500,4115500,51442
1982,1400000US36081115700,4115700,45250
1983,1400000US36081115900,4115900,59125
1984,1400000US36081116100,4116100,26783
1985,1400000US36081116300,4116300,36261
1986,1400000US36081116700,4116700,40714
1987,1400000US36081117100,4117100,58929
1988,1400000US36081117500,4117500,62639
1989,1400000US36081118100,4118100,66711
1990,1400000US36081118500,4118500,45948
1991,1400000US36081118700,4118700,45867
1992,1400000US36081118900,4118900,61630
1993,1400000US36081119100,4119100,39605
1994,1400000US36081119300,4119300,52000
1995,1400000US36081119500,4119500,84279
1996,1400000US36081119900,4119900,61522
1997,1400000US36081120100,4120100,61806
1998,1400000US36081120300,4120300,60179
1999,1400000US36081120500,4120500,24826
2000,1400000US36081120700,4120700,81250
2001,1400000US36081121100,4121100,-
2002,1400000US36081121500,4121500,79297
2003,1400000US36081122300,4122300,69317
2004,1400000US36081122701,4122701,67811
2005,1400000US36081122702,4122702,25473
2006,1400000US36081124100,4124100,72446
2007,1400000US36081124700,4124700,97500
2008,1400000US36081125700,4125700,61513
2009,1400000US36081126500,4126500,71250
2010,1400000US36081126700,4126700,76250
2011,1400000US36081127700,4127700,143281
2012,1400000US36081128300,4128300,-
2013,1400000US36081129102,4129102,118824
2014,1400000US36081129103,4129103,61434
2015,1400000US36081129104,4129104,81875
2016,1400000US36081130100,4130100,87404
2017,1400000US36081133300,4133300,97663
2018,1400000US36081133900,4133900,117407
2019,1400000US36081134100,4134100,90000
2020,1400000US36081134700,4134700,68485
2021,1400000US36081136700,4136700,89116
2022,1400000US36081137700,4137700,72719
2023,1400000US36081138501,4138501,102926
2024,1400000US36081138502,4138502,-
2025,1400000US36081139900,4139900,106583
2026,1400000US36081140300,4140300,80457
2027,1400000US36081140901,4140901,85000
2028,1400000US36081140902,4140902,91042
2029,1400000US36081141700,4141700,73182
2030,1400000US36081142900,4142900,84750
2031,1400000US36081143500,4143500,95472
2032,1400000US36081144100,4144100,108614
2033,1400000US36081144700,4144700,84659
2034,1400000US36081145101,4145101,71111
2035,1400000US36081145102,4145102,93000
2036,1400000US36081145900,4145900,77868
2037,1400000US36081146300,4146300,71899
2038,1400000US36081146700,4146700,88412
2039,1400000US36081147100,4147100,85741
2040,1400000US36081147900,4147900,89286
2041,1400000US36081148300,4148300,115714
2042,1400000US36081150701,4150701,146071
2043,1400000US36081150702,4150702,101250
2044,1400000US36081152901,4152901,93819
2045,1400000US36081152902,4152902,75702
2046,1400000US36081155101,4155101,55313
2047,1400000US36081155102,4155102,92739
2048,1400000US36081156700,4156700,57750
2049,1400000US36081157101,4157101,97629
2050,1400000US36081157102,4157102,97500
2051,1400000US36081157901,4157901,102725
2052,1400000US36081157902,4157902,110000
2053,1400000US36081157903,4157903,82978
2054,1400000US36081161700,4161700,117813
2055,1400000US36081162100,4162100,76655
2056,1400000US36081990100,4990100,-
2057,1400000US36085000300,5000300,86477
2058,1400000US36085000600,5000600,66563
2059,1400000US36085000700,5000700,37952
2060,1400000US36085000800,5000800,78986
2061,1400000US36085000900,5000900,50543
2062,1400000US36085001100,5001100,48082
2063,1400000US36085001700,5001700,42431
2064,1400000US36085001800,5001800,80313
2065,1400000US36085002001,5002001,80833
2066,1400000US36085002002,5002002,100385
2067,1400000US36085002100,5002100,50489
2068,1400000US36085002700,5002700,-
2069,1400000US36085002900,5002900,24779
2070,1400000US36085003300,5003300,82483
2071,1400000US36085003600,5003600,88097
2072,1400000US36085003900,5003900,70586
2073,1400000US36085004000,5004000,33984
2074,1400000US36085004700,5004700,88571
2075,1400000US36085005000,5005000,81875
2076,1400000US36085005900,5005900,81583
2077,1400000US36085006400,5006400,49449
2078,1400000US36085006700,5006700,121176
2079,1400000US36085007000,5007000,76149
2080,1400000US36085007400,5007400,81033
2081,1400000US36085007500,5007500,65833
2082,1400000US36085007700,5007700,57000
2083,1400000US36085008100,5008100,37287
2084,1400000US36085009601,5009601,91563
2085,1400000US36085009602,5009602,85750
2086,1400000US36085009700,5009700,75648
2087,1400000US36085010500,5010500,69583
2088,1400000US36085011201,5011201,79557
2089,1400000US36085011202,5011202,81016
2090,1400000US36085011401,5011401,44357
2091,1400000US36085011402,5011402,83750
2092,1400000US36085012100,5012100,108906
2093,1400000US36085012200,5012200,81613
2094,1400000US36085012500,5012500,81250
2095,1400000US36085012804,5012804,81107
2096,1400000US36085012805,5012805,80379
2097,1400000US36085012806,5012806,57212
2098,1400000US36085013201,5013201,102500
2099,1400000US36085013203,5013203,87014
2100,1400000US36085013204,5013204,87561
2101,1400000US36085013301,5013301,9899
2102,1400000US36085013302,5013302,47905
2103,1400000US36085013400,5013400,85399
2104,1400000US36085013800,5013800,87418
2105,1400000US36085014100,5014100,74773
2106,1400000US36085014604,5014604,103964
2107,1400000US36085014605,5014605,112143
2108,1400000US36085014606,5014606,103825
2109,1400000US36085014607,5014607,95114
2110,1400000US36085014608,5014608,110469
2111,1400000US36085014700,5014700,99856
2112,1400000US36085015100,5015100,98438
2113,1400000US36085015400,5015400,-
2114,1400000US36085015601,5015601,105344
2115,1400000US36085015602,5015602,112283
2116,1400000US36085015603,5015603,90106
2117,1400000US36085016901,5016901,98750
2118,1400000US36085017005,5017005,100673
2119,1400000US36085017007,5017007,79934
2120,1400000US36085017008,5017008,109412
2121,1400000US36085017009,5017009,93125
2122,1400000US36085017010,5017010,82723
2123,1400000US36085017011,5017011,100662
2124,1400000US36085017012,5017012,89273
2125,1400000US36085017300,5017300,36707
2126,1400000US36085017600,5017600,125139
2127,1400000US36085017700,5017700,115603
2128,1400000US36085018100,5018100,127074
2129,1400000US36085018701,5018701,104118
2130,1400000US36085018702,5018702,112742
2131,1400000US36085018901,5018901,76518
2132,1400000US36085018902,5018902,102525
2133,1400000US36085019700,5019700,103000
2134,1400000US36085019800,5019800,124130
2135,1400000US36085020100,5020100,99141
2136,1400000US36085020700,5020700,33670
2137,1400000US36085020801,5020801,100543
2138,1400000US36085020803,5020803,119750
2139,1400000US36085020804,5020804,102857
2140,1400000US36085021300,5021300,69640
2141,1400000US36085022300,5022300,63750
2142,1400000US36085022600,5022600,122917
2143,1400000US36085022800,5022800,-
2144,1400000US36085023100,5023100,82599
2145,1400000US36085023900,5023900,83883
2146,1400000US36085024401,5024401,76394
2147,1400000US36085024402,5024402,88906
2148,1400000US36085024700,5024700,64297
2149,1400000US36085024800,5024800,92237
2150,1400000US36085025100,5025100,107239
2151,1400000US36085027301,5027301,68542
2152,1400000US36085027302,5027302,85050
2153,1400000US36085027702,5027702,75022
2154,1400000US36085027704,5027704,105341
2155,1400000US36085027705,5027705,86397
2156,1400000US36085027706,5027706,103897
2157,1400000US36085027900,5027900,115682
2158,1400000US36085029102,5029102,83750
2159,1400000US36085029103,5029103,104146
2160,1400000US36085029104,5029104,94292
2161,1400000US36085030301,5030301,85826
2162,1400000US36085030302,5030302,85660
2163,1400000US36085031901,5031901,21250
2164,1400000US36085031902,5031902,46118
2165,1400000US36085032300,5032300,65089
2166,1400000US36085990100,5990100,-
